id,nome,idade,cidade,email
1,Maria,30,SÃO PAULO,maria@gmail.com
2,Lucas,25,SÃO carlos,lucas@gmail.com
3,Carlos,19,GUARULHOS ,carlos@gmail.com
4,CarlA,35,BELO HORIZONTE,carla@gmail.com
5,Maria,30,SÃO PAULO,maria@gmail.com
6,Lucas,25,SÃO carlos,lucas@gmail.com
7,Carlos,19,GUARULHOS ,carlos@gmail.com
8,CarlA,35,BELO HORIZONTE,carla@gmail.com
9,Maria,30,SÃO PAULO,maria@gmail.com
10,Lucas,25,SÃO carlos,lucas@gmail.com
11,Carlos,19,GUARULHOS ,carlos@gmail.com
12,CarlA,35,BELO HORIZONTE,carla@gmail.com
13,Maria,30,SÃO PAULO,maria@gmail.com
14,Lucas,25,SÃO CARLOS,lucas@gmail.com
15,Carlos,19,GUARULHOS,carlos@gmail.com
16,CarlA,35,BELO HORIZONTE,carla@gmail.com
